fichier	I_avant	I_apres	TP_apres	plancher	SNR	dense	NR_dB	gain_dB	limit_dB	coupe_tete	coupe_queue	dur_avant	dur_apres
chiffres/0.m4a	-17.35	-16.01	-3.38	-62.4	50.2	0	0.0	1.81	0.00	0.08	0.06	1.02	1.08
chiffres/1.m4a	-17.89	-16.01	-5.90	-66.3	51.0	0	0.0	2.46	0.00	0.07	0.00	0.91	1.04
chiffres/10.m4a	-25.24	-16.00	-2.83	-56.0	34.5	0	4.0	10.17	0.00	0.00	0.00	0.63	0.83
chiffres/100.m4a	-18.63	-15.98	-2.95	-48.7	35.3	0	0.0	3.25	0.00	0.07	0.09	0.71	0.74
chiffres/1000.m4a	-16.63	-16.01	-2.22	-57.9	45.4	1	0.0	1.41	0.00	0.00	0.00	0.76	0.96
chiffres/1000000.m4a	-15.92	-15.98	-2.88	-48.3	36.2	0	0.0	0.58	0.00	0.11	0.00	0.81	0.90
chiffres/1000000000.m4a	-18.00	-16.03	-3.30	-60.2	45.6	0	0.0	1.63	0.00	0.09	0.15	0.84	0.79
chiffres/11.m4a	-20.65	-16.00	-2.26	-44.8	27.8	0	4.0	5.30	0.00	0.06	0.00	0.89	1.03
chiffres/15.m4a	-19.11	-16.02	-3.06	-45.4	30.4	0	4.0	4.18	0.00	0.09	0.00	0.86	0.97
chiffres/16.m4a	-21.62	-16.00	-2.95	-57.1	39.0	0	0.0	6.06	0.00	0.07	0.00	0.89	1.02
chiffres/2.m4a	-22.63	-16.19	-1.50	-99.3	82.6	0	0.0	8.66	2.32	0.07	0.00	0.60	0.73
chiffres/20.m4a	-16.76	-15.99	-3.43	-92.7	79.6	0	0.0	1.39	0.00	0.01	0.00	0.60	0.79
chiffres/200.m4a	-16.62	-16.01	-5.36	-53.5	41.0	0	0.0	1.74	0.00	0.06	0.00	0.71	0.85
chiffres/3.m4a	-25.07	-16.14	-1.50	-64.1	42.5	0	0.0	9.89	0.69	0.08	0.00	0.76	0.88
chiffres/30.m4a	-18.19	-16.00	-3.56	-56.6	42.3	0	0.0	2.70	0.00	0.09	0.00	0.91	1.02
chiffres/300.m4a	-18.08	-15.98	-5.28	-41.5	27.8	0	4.0	2.32	0.00	0.07	0.05	0.99	1.08
chiffres/31.m4a	-18.79	-16.01	-3.29	-48.8	34.3	0	4.0	3.36	0.00	0.01	0.00	1.15	1.34
chiffres/4.m4a	-26.36	-15.99	-2.05	-65.7	41.7	0	0.0	11.40	0.00	0.00	0.00	0.76	0.96
chiffres/40.m4a	-19.03	-15.99	-4.22	-48.7	33.6	0	4.0	3.73	0.00	0.01	0.00	0.91	1.10
chiffres/400.m4a	-19.98	-16.01	-3.13	-54.7	40.4	0	0.0	4.88	0.00	0.11	0.00	1.02	1.11
chiffres/41.m4a	-19.18	-16.01	-3.01	-46.4	32.5	0	4.0	3.54	0.00	0.00	0.00	1.18	1.37
chiffres/5.m4a	-28.05	-16.11	-1.49	-65.9	41.5	0	0.0	12.98	1.08	0.04	0.00	0.76	0.92
chiffres/50.m4a	-19.14	-16.03	-4.88	-56.1	42.1	0	0.0	3.49	0.00	0.05	0.00	0.97	1.11
chiffres/500.m4a	-19.18	-16.03	-4.67	-55.1	40.2	0	0.0	4.75	0.00	0.12	0.00	0.97	1.05
chiffres/51.m4a	-20.79	-15.99	-3.04	-62.2	47.3	0	0.0	5.35	0.00	0.07	0.00	1.15	1.28
chiffres/6.m4a	-24.85	-16.14	-1.50	-64.5	42.1	0	0.0	10.08	1.64	0.02	0.00	0.76	0.93
chiffres/60.m4a	-20.47	-15.99	-2.81	-66.4	50.8	0	0.0	5.39	0.00	0.07	0.00	1.02	1.15
chiffres/600.m4a	-21.17	-16.00	-1.56	-52.9	37.5	0	0.0	5.84	0.00	0.00	0.01	1.18	1.36
chiffres/7.m4a	-28.12	-16.05	-1.49	-59.6	37.3	0	0.0	12.49	1.96	0.04	0.00	0.94	1.10
chiffres/70.m4a	-19.29	-15.99	-3.25	-65.0	49.6	0	0.0	4.68	0.00	0.05	0.00	0.99	1.14
chiffres/700.m4a	-20.06	-15.98	-2.38	-45.0	31.3	0	4.0	4.96	0.00	0.04	0.00	1.10	1.26
chiffres/71.m4a	-21.21	-16.01	-1.48	-55.8	40.2	0	0.0	5.44	0.29	0.07	0.00	2.14	2.28
chiffres/8.m4a	-26.10	-16.00	-1.58	-56.5	37.2	0	0.0	9.96	0.00	0.00	0.00	0.99	1.19
chiffres/80.m4a	-20.43	-16.02	-2.84	-48.9	34.1	0	4.0	5.29	0.00	0.01	0.00	1.18	1.36
chiffres/800.m4a	-20.86	-15.99	-2.22	-45.7	30.7	0	4.0	4.93	0.00	0.03	0.00	1.02	1.19
chiffres/81.m4a	-19.98	-16.01	-2.93	-56.7	41.7	0	0.0	4.47	0.00	0.06	0.00	1.67	1.81
chiffres/9.m4a	-30.68	-16.05	-1.51	-56.7	29.8	0	4.0	15.67	0.68	0.03	0.00	1.10	1.27
chiffres/90.m4a	-21.60	-15.99	-1.98	-39.5	23.7	0	8.0	5.89	0.00	0.03	0.01	1.31	1.47
chiffres/900.m4a	-22.57	-16.15	-1.49	-45.2	30.4	0	4.0	7.60	1.89	0.07	0.00	1.12	1.26
chiffres/91.m4a	-21.62	-16.02	-1.50	-36.6	20.1	0	8.0	5.85	0.28	0.07	0.00	1.49	1.61
jours/1.m4a	-32.47	-16.02	-1.43	-76.9	47.7	0	0.0	16.76	0.16	0.38	0.00	1.59	1.42
jours/2.m4a	-38.17	-16.17	-1.51	-95.2	60.0	0	0.0	22.41	0.70	0.10	0.12	1.35	1.34
jours/3.m4a	-35.07	-16.02	-4.17	-75.0	44.0	1	0.0	18.99	0.00	0.00	0.00	1.51	1.71
jours/4.m4a	-35.37	-16.13	-1.33	-71.4	39.7	1	0.0	20.23	3.03	0.00	0.00	1.43	1.63
jours/5.m4a	-33.87	-16.02	-2.61	-75.4	44.7	0	0.0	18.48	0.00	0.15	0.00	1.51	1.56
jours/6.m4a	-34.19	-16.02	-3.35	-72.1	41.2	0	0.0	18.37	0.00	0.00	0.00	1.51	1.71
jours/7.m4a	-34.66	-16.00	-2.26	-74.8	44.0	0	0.0	19.31	0.00	0.02	0.00	1.55	1.73
lettres/a.mp3	-17.65	-15.99	-1.46	-43.1	28.4	0	4.0	2.14	0.01	0.00	0.00	1.33	1.53
lettres/a2.mp3	-17.27	-16.01	-2.70	-42.7	29.0	0	4.0	1.60	0.00	0.00	0.00	1.07	1.27
lettres/b.mp3	-18.85	-16.02	-1.65	-38.0	23.0	0	8.0	2.82	0.00	0.00	0.00	0.94	1.14
lettres/d.mp3	-18.68	-15.99	-1.54	-38.7	23.3	0	8.0	2.85	0.20	0.00	0.00	0.91	1.11
lettres/e.mp3	-18.40	-15.99	-2.23	-44.6	29.4	0	4.0	2.60	0.00	0.00	0.00	1.12	1.32
lettres/g.mp3	-17.01	-15.99	-2.62	-36.9	21.6	0	8.0	1.81	0.00	0.00	0.00	0.76	0.96
lettres/h.mp3	-17.66	-16.23	-1.50	-39.3	23.8	0	8.0	2.50	1.78	0.00	0.00	0.89	1.09
lettres/i.mp3	-19.14	-16.04	-2.87	-37.9	22.6	0	8.0	3.17	0.00	0.00	0.00	0.94	1.14
lettres/i2.mp3	-19.15	-15.99	-3.00	-44.2	29.7	0	4.0	3.33	0.00	0.00	0.00	0.91	1.11
lettres/j.mp3	-17.64	-16.01	-1.58	-43.1	27.8	0	4.0	2.55	0.40	0.00	0.00	0.99	1.19
lettres/k.mp3	-17.79	-16.04	-1.53	-32.9	18.3	0	8.0	2.75	0.70	0.00	0.00	0.73	0.93
lettres/l.mp3	-17.41	-15.97	-1.79	-41.3	26.4	0	4.0	2.32	0.00	0.00	0.00	0.99	1.19
lettres/m.mp3	-18.30	-15.96	-3.13	-37.3	21.9	0	8.0	2.43	0.00	0.00	0.00	0.89	1.09
lettres/n.mp3	-19.92	-16.03	-1.57	-41.2	24.0	0	8.0	4.46	0.42	0.00	0.00	1.04	1.24
lettres/ng.mp3	-19.20	-16.04	-2.24	-41.6	25.4	0	4.0	3.68	0.00	0.00	0.00	1.07	1.27
lettres/ny.mp3	-18.86	-16.01	-1.45	-41.4	25.4	0	4.0	3.35	0.05	0.02	0.00	1.04	1.22
lettres/o.mp3	-16.16	-16.01	-1.69	-44.4	30.3	0	4.0	1.06	0.00	0.00	0.00	0.86	1.06
lettres/p.mp3	-17.50	-15.97	-2.01	-41.5	27.3	0	4.0	1.65	0.00	0.00	0.00	0.84	1.04
lettres/r.mp3	-18.04	-16.00	-1.68	-42.9	28.3	0	4.0	2.37	0.00	0.00	0.00	0.97	1.17
lettres/s.mp3	-16.48	-15.95	-2.93	-40.6	26.3	0	4.0	0.74	0.00	0.00	0.00	1.02	1.22
lettres/t.mp3	-17.87	-16.02	-2.28	-40.5	26.0	0	4.0	1.93	0.00	0.00	0.00	0.84	1.04
lettres/u.mp3	-17.41	-16.00	-2.60	-39.2	25.9	0	4.0	0.90	0.00	0.00	0.00	1.02	1.22
lettres/u2.mp3	-19.32	-15.98	-3.04	-32.5	17.3	1	6.0	4.08	0.00	0.00	0.00	0.84	1.04
lettres/w.mp3	-17.58	-16.00	-1.96	-41.3	27.4	0	4.0	2.00	0.00	0.00	0.00	1.20	1.40
lettres/y.mp3	-18.03	-16.01	-1.53	-42.8	28.9	0	4.0	2.47	0.03	0.00	0.00	1.04	1.24
lettres/z.mp3	-18.47	-16.02	-1.45	-36.5	20.6	0	8.0	3.20	0.29	0.00	0.00	0.78	0.98
mois/1.m4a	-28.76	-16.02	-1.59	-74.1	48.2	0	0.0	13.25	0.03	0.40	0.00	1.65	1.45
mois/10.m4a	-32.94	-16.14	-1.42	-76.1	46.8	1	0.0	17.14	0.58	0.00	0.00	1.47	1.67
mois/11.m4a	-31.36	-16.13	-1.33	-76.0	48.6	1	0.0	15.38	2.79	0.00	0.00	1.15	1.35
mois/12.m4a	-29.88	-16.05	-1.52	-75.6	49.2	0	0.0	14.46	3.07	0.43	0.00	1.51	1.28
mois/2.m4a	-33.74	-16.09	-1.50	-73.5	43.4	0	0.0	18.44	0.99	0.07	0.00	1.25	1.38
mois/3.m4a	-31.48	-16.10	-1.49	-75.0	46.1	0	0.0	15.39	0.92	0.20	0.00	1.33	1.33
mois/4.m4a	-29.35	-16.01	-1.34	-72.1	44.4	0	0.0	13.89	0.32	0.29	0.00	1.71	1.63
mois/5.m4a	-30.49	-16.16	-1.55	-69.9	42.9	0	0.0	15.18	0.80	0.00	0.00	1.47	1.67
mois/6.m4a	-33.00	-16.16	-1.46	-72.1	42.5	0	0.0	18.00	4.63	0.23	0.00	1.09	1.06
mois/7.m4a	-30.03	-16.02	-2.32	-73.9	47.1	0	0.0	14.00	0.00	0.59	0.00	1.53	1.14
mois/8.m4a	-30.52	-16.07	-1.48	-74.1	44.5	1	0.0	16.46	3.88	0.00	0.00	1.29	1.49
mois/9.m4a	-32.39	-15.98	-1.65	-76.1	47.5	1	0.0	16.53	0.00	0.00	0.00	1.43	1.63
voyelles_courtes/a.mp3	-17.92	-16.00	-1.85	-33.9	20.0	0	8.0	2.70	0.00	0.00	0.00	0.73	0.93
voyelles_courtes/a2.mp3	-19.52	-16.03	-2.32	-31.6	15.1	1	6.0	4.28	0.00	0.00	0.00	0.89	1.09
voyelles_courtes/e.mp3	-17.72	-15.99	-1.75	-30.6	15.6	1	6.0	2.57	0.00	0.00	0.00	0.89	1.09
voyelles_courtes/i.mp3	-20.04	-16.01	-2.48	-32.5	16.1	1	6.0	4.34	0.00	0.00	0.00	1.07	1.27
voyelles_courtes/i2.mp3	-22.14	-15.99	-2.31	-33.2	13.6	1	6.0	7.18	0.00	0.00	0.00	0.94	1.14
voyelles_courtes/o.mp3	-17.39	-16.00	-1.58	-32.0	17.8	1	6.0	1.76	0.00	0.00	0.00	1.02	1.22
voyelles_courtes/u.mp3	-18.19	-15.98	-3.05	-40.5	25.7	0	4.0	2.41	0.00	0.00	0.00	0.89	1.09
voyelles_courtes/u2.mp3	-21.14	-16.02	-4.71	-42.9	25.7	0	4.0	5.34	0.00	0.00	0.00	0.86	1.06
voyelles_courtes_tons/a.mp3	-17.65	-15.99	-1.46	-43.1	28.4	0	4.0	2.14	0.01	0.00	0.00	1.33	1.53
voyelles_courtes_tons/a2.mp3	-17.35	-15.99	-2.26	-32.4	18.0	1	6.0	2.20	0.00	0.00	0.00	0.78	0.98
voyelles_courtes_tons/a2_f.mp3	-16.67	-16.00	-2.60	-33.5	19.2	0	8.0	1.46	0.00	0.00	0.00	0.78	0.98
voyelles_courtes_tons/a2_h.mp3	-18.03	-16.05	-1.54	-29.4	14.4	1	6.0	2.60	0.18	0.00	0.00	0.84	1.04
voyelles_courtes_tons/a2_r.mp3	-17.48	-15.99	-2.15	-32.9	18.7	0	8.0	2.39	0.00	0.00	0.00	0.78	0.98
voyelles_courtes_tons/a_f.mp3	-14.74	-15.93	-2.52	-29.4	16.0	0	12.0	-0.47	0.00	0.00	0.00	0.57	0.77
voyelles_courtes_tons/a_h.mp3	-16.75	-16.16	-1.28	-27.6	12.0	1	6.0	1.26	1.02	0.00	0.00	0.44	0.64
voyelles_courtes_tons/a_r.mp3	-15.69	-16.00	-2.59	-74.0	59.8	0	0.0	0.46	0.00	0.00	0.00	0.60	0.80
voyelles_courtes_tons/e.mp3	-17.12	-16.00	-1.44	-40.8	26.1	0	4.0	1.80	0.00	0.00	0.00	0.89	1.09
voyelles_courtes_tons/e_f.mp3	-16.51	-15.99	-2.15	-43.0	29.5	0	4.0	0.68	0.00	0.00	0.00	1.18	1.38
voyelles_courtes_tons/e_h.mp3	-15.47	-15.97	-2.93	-41.5	29.9	0	4.0	0.13	0.00	0.00	0.00	0.89	1.09
voyelles_courtes_tons/e_r.mp3	-16.31	-15.98	-3.27	-33.3	18.7	0	8.0	1.28	0.00	0.00	0.00	0.63	0.83
voyelles_courtes_tons/i.mp3	-18.26	-16.00	-2.44	-34.2	19.6	0	8.0	3.15	0.00	0.01	0.00	0.73	0.92
voyelles_courtes_tons/i2.mp3	-21.05	-15.98	-2.14	-46.2	30.4	0	4.0	5.24	0.00	0.00	0.00	0.71	0.91
voyelles_courtes_tons/i2_f.mp3	-21.12	-15.99	-2.79	-40.3	22.6	0	8.0	6.06	0.00	0.01	0.00	0.73	0.92
voyelles_courtes_tons/i2_h.mp3	-20.83	-16.06	-1.71	-84.5	67.0	0	0.0	6.00	0.67	0.00	0.00	0.60	0.80
voyelles_courtes_tons/i2_r.mp3	-21.88	-16.07	-1.57	-43.1	24.6	0	8.0	6.70	0.54	0.00	0.00	0.89	1.09
voyelles_courtes_tons/i_f.mp3	-17.25	-15.99	-2.34	-39.3	24.8	0	8.0	2.10	0.00	0.00	0.00	0.89	1.09
voyelles_courtes_tons/i_h.mp3	-18.64	-16.01	-2.79	-46.4	30.0	0	4.0	2.91	0.00	0.00	0.00	1.02	1.22
voyelles_courtes_tons/i_r.mp3	-18.12	-16.03	-3.76	-38.5	23.6	0	8.0	2.44	0.00	0.01	0.00	0.84	1.03
voyelles_courtes_tons/o.mp3	-17.49	-16.03	-1.47	-39.0	25.4	0	4.0	1.46	0.30	0.00	0.00	0.91	1.11
voyelles_courtes_tons/o_f.mp3	-16.59	-16.02	-2.75	-31.0	17.5	0	12.0	0.67	0.00	0.01	0.00	0.84	1.03
voyelles_courtes_tons/o_h.mp3	-16.38	-16.00	-1.58	-42.4	29.6	0	4.0	1.30	0.00	0.00	0.00	0.76	0.96
voyelles_courtes_tons/o_r.mp3	-16.86	-15.99	-1.50	-43.7	30.0	0	4.0	1.22	0.00	0.00	0.00	1.02	1.22
voyelles_courtes_tons/u.mp3	-17.52	-15.98	-2.93	-42.5	29.1	0	4.0	1.68	0.00	0.00	0.00	1.12	1.32
voyelles_courtes_tons/u2.mp3	-21.19	-15.97	-1.95	-44.3	27.2	0	4.0	5.50	0.00	0.00	0.00	0.84	1.04
voyelles_courtes_tons/u2_f.mp3	-19.15	-16.03	-2.12	-47.1	31.0	0	4.0	4.08	0.00	0.00	0.00	0.86	1.06
voyelles_courtes_tons/u2_h.mp3	-20.42	-16.06	-1.51	-43.6	26.4	0	4.0	4.83	0.78	0.00	0.00	0.94	1.14
voyelles_courtes_tons/u2_r.mp3	-19.57	-16.04	-1.40	-45.0	30.0	0	4.0	3.95	0.79	0.00	0.00	1.02	1.22
voyelles_courtes_tons/u_f.mp3	-16.76	-16.03	-1.48	-41.2	28.2	0	4.0	0.89	0.00	0.01	0.00	1.07	1.26
voyelles_courtes_tons/u_h.mp3	-17.22	-16.04	-2.08	-44.5	31.2	0	4.0	1.36	0.00	0.00	0.00	0.97	1.17
voyelles_courtes_tons/u_r.mp3	-17.98	-16.01	-1.56	-39.7	25.3	0	4.0	2.12	0.13	0.00	0.00	1.04	1.24
voyelles_longues/a2a2.mp3	-20.17	-16.01	-4.39	-39.2	21.9	0	8.0	4.39	0.00	0.03	0.00	1.83	2.00
voyelles_longues/aa.mp3	-17.00	-16.02	-3.08	-39.5	25.1	0	4.0	0.86	0.00	0.02	0.00	1.65	1.83
voyelles_longues/ee.mp3	-17.94	-15.99	-3.86	-38.1	22.8	0	8.0	2.22	0.00	0.06	0.00	1.75	1.89
voyelles_longues/i2i2.mp3	-28.53	-16.01	-3.80	-40.4	13.9	1	6.0	13.17	0.00	0.00	0.00	1.62	1.82
voyelles_longues/ii.mp3	-20.26	-16.01	-3.56	-37.1	19.4	0	8.0	4.56	0.00	0.08	0.00	1.75	1.87
voyelles_longues/oo.mp3	-17.94	-15.99	-2.28	-37.8	22.5	0	8.0	2.10	0.00	0.04	0.00	1.67	1.84
voyelles_longues/u2u2.mp3	-24.30	-15.98	-2.68	-41.5	20.3	0	8.0	8.91	0.00	0.00	0.00	1.36	1.56
voyelles_longues/uu.mp3	-19.95	-15.99	-3.43	-37.0	19.7	0	8.0	4.19	0.00	0.06	0.00	1.65	1.78
voyelles_longues_tons/a2a2_hh.mp3	-15.07	-16.01	-4.05	-37.3	24.4	0	8.0	-0.85	0.00	0.14	0.00	2.22	2.28
voyelles_longues_tons/a2a2_hl.mp3	-17.52	-15.98	-3.12	-38.3	23.6	0	8.0	1.78	0.00	0.04	0.00	1.41	1.57
voyelles_longues_tons/a2a2_lh.mp3	-17.90	-16.02	-2.04	-42.4	28.4	0	4.0	1.93	0.00	0.00	0.00	1.41	1.61
voyelles_longues_tons/a2a2_ll.mp3	-18.20	-16.00	-3.47	-39.9	24.1	0	8.0	2.25	0.00	0.00	0.00	2.27	2.47
voyelles_longues_tons/aa_hh.mp3	-18.04	-16.00	-1.99	-40.7	25.6	0	4.0	2.10	0.00	0.01	0.00	3.13	3.32
voyelles_longues_tons/aa_hl.mp3	-17.55	-15.98	-2.10	-41.3	27.0	0	4.0	1.56	0.00	0.00	0.00	2.12	2.32
voyelles_longues_tons/aa_lh.mp3	-18.70	-16.04	-1.46	-43.1	28.4	0	4.0	2.67	0.30	0.00	0.00	1.57	1.77
voyelles_longues_tons/aa_ll.mp3	-16.99	-16.00	-4.03	-40.2	25.4	0	4.0	1.06	0.00	0.00	0.00	1.88	2.08
voyelles_longues_tons/ee_hh.mp3	-16.30	-15.99	-4.93	-34.6	20.7	0	8.0	0.30	0.00	0.07	0.00	2.27	2.40
voyelles_longues_tons/ee_hl.mp3	-17.65	-16.00	-2.24	-35.3	21.1	0	8.0	1.65	0.00	0.01	0.00	1.85	2.04
voyelles_longues_tons/ee_lh.mp3	-17.60	-16.01	-2.31	-36.0	21.5	0	8.0	1.88	0.00	0.01	0.00	1.59	1.79
voyelles_longues_tons/ee_ll.mp3	-17.43	-15.96	-3.77	-43.7	29.2	0	4.0	1.65	0.00	0.00	0.00	1.62	1.82
voyelles_longues_tons/i2i2_hh.mp3	-18.70	-16.00	-4.42	-37.9	20.7	0	8.0	2.93	0.00	0.05	0.00	2.04	2.19
voyelles_longues_tons/i2i2_hl.mp3	-21.03	-16.00	-2.92	-39.9	22.2	0	8.0	5.30	0.00	0.00	0.00	1.65	1.84
voyelles_longues_tons/i2i2_lh.mp3	-20.41	-16.01	-2.21	-39.5	22.5	0	8.0	4.81	0.00	0.01	0.00	1.33	1.52
voyelles_longues_tons/i2i2_ll.mp3	-21.67	-15.99	-3.69	-42.6	24.1	0	8.0	5.77	0.00	0.03	0.00	1.83	2.00
voyelles_longues_tons/ii_hh.mp3	-17.18	-15.99	-3.47	-37.2	22.1	0	8.0	1.57	0.00	0.00	0.00	1.99	2.19
voyelles_longues_tons/ii_hl.mp3	-18.87	-16.02	-2.00	-37.0	21.8	0	8.0	3.14	0.00	0.00	0.00	1.88	2.08
voyelles_longues_tons/ii_lh.mp3	-18.44	-16.05	-1.49	-39.2	24.0	0	8.0	2.79	0.71	0.00	0.00	1.46	1.66
voyelles_longues_tons/ii_ll.mp3	-17.58	-16.01	-3.95	-40.3	25.8	0	4.0	1.58	0.00	0.01	0.00	2.38	2.57
voyelles_longues_tons/oo_hh.mp3	-15.40	-15.99	-4.51	-42.8	30.0	0	4.0	-0.44	0.00	0.00	0.00	2.14	2.34
voyelles_longues_tons/oo_hl.mp3	-16.02	-16.03	-3.44	-43.7	31.1	0	4.0	0.23	0.00	0.00	0.00	1.46	1.66
voyelles_longues_tons/oo_lh.mp3	-17.26	-15.99	-1.48	-43.9	30.1	0	4.0	1.26	0.06	0.00	0.00	1.54	1.74
voyelles_longues_tons/oo_ll.mp3	-15.82	-16.00	-3.07	-40.8	28.0	0	4.0	0.00	0.00	0.03	0.00	1.96	2.13
voyelles_longues_tons/u2u2_hh.mp3	-19.05	-16.01	-4.55	-38.8	23.1	0	8.0	3.30	0.00	0.00	0.00	1.67	1.87
voyelles_longues_tons/u2u2_hl.mp3	-19.74	-15.98	-3.67	-41.1	25.4	0	4.0	4.04	0.00	0.00	0.00	1.38	1.58
voyelles_longues_tons/u2u2_lh.mp3	-19.96	-16.00	-4.62	-40.1	23.2	0	8.0	4.75	0.00	0.01	0.00	1.18	1.36
voyelles_longues_tons/u2u2_ll.mp3	-20.20	-15.97	-4.48	-41.0	23.8	0	8.0	4.50	0.00	0.01	0.00	1.59	1.78
voyelles_longues_tons/uu_hh.mp3	-13.99	-15.97	-5.55	-43.3	32.1	0	4.0	-1.77	0.00	0.00	0.00	2.14	2.34
voyelles_longues_tons/uu_hl.mp3	-18.00	-15.98	-2.01	-40.0	25.0	0	4.0	2.24	0.00	0.00	0.00	1.46	1.66
voyelles_longues_tons/uu_lh.mp3	-17.78	-15.99	-1.54	-42.3	27.7	0	4.0	2.13	0.02	0.00	0.00	1.49	1.69
voyelles_longues_tons/uu_ll.mp3	-17.86	-16.00	-3.79	-36.7	21.6	0	8.0	2.13	0.00	0.03	0.00	1.54	1.71
